# index, name, feat, circles, _pos
0,112906384394401773102,"array([], dtype=uint8)","array([], dtype=uint8)","array([-7.59502423, 21.68708063])"
1,108010461820642175437,"array([], dtype=uint8)","array([], dtype=uint8)","array([-7.62642094, 21.73768838])"
2,103196426658681364343,"array([], dtype=uint8)","array([], dtype=uint8)","array([-7.77887767, 22.03010675])"
3,110702216717135350230,"array([], dtype=uint8)","array([], dtype=uint8)","array([-7.82028527, 22.0641461 ])"
4,107207278066629700382,"array([], dtype=uint8)","array([], dtype=uint8)","array([-7.60223831, 21.72338032])"
5,100193529331792590881,"array([], dtype=uint8)","array([], dtype=uint8)","array([-7.58757577, 21.81343472])"
6,107484261818025698576,"array([], dtype=uint8)","array([], dtype=uint8)","array([-7.56892073, 21.73151395])"
7,110913621188271830512,"array([], dtype=uint8)","array([], dtype=uint8)","array([-7.54865326, 21.68666634])"
8,115636492913488258681,"array([], dtype=uint8)","array([], dtype=uint8)","array([-7.56113188, 21.65280355])"
9,102620987548496835286,"array([], dtype=uint8)","array([], dtype=uint8)","array([-7.63036045, 21.666408  ])"
10,101233858111590883332,"array([], dtype=uint8)","array([], dtype=uint8)","array([-7.58562834, 21.7541095 ])"
11,104726342201797079817,"array([], dtype=uint8)","array([], dtype=uint8)","array([-7.59724596, 21.69639037])"
12,104503690472140695248,"array([], dtype=uint8)","array([], dtype=uint8)","array([-7.67507824, 21.91746348])"
13,108189587050871927619,"array([], dtype=uint8)","array([], dtype=uint8)","array([-7.59858721, 21.87096645])"
14,102793127934627081655,"array([], dtype=uint8)","array([], dtype=uint8)","array([-7.63723248, 21.70389337])"
15,100623276740673202144,"array([], dtype=uint8)","array([], dtype=uint8)","array([-7.58338051, 21.74558623])"
16,116717190116085086875,"array([], dtype=uint8)","array([], dtype=uint8)","array([-7.56173893, 21.94553107])"
17,109519844611528182119,"array([], dtype=uint8)","array([], dtype=uint8)","array([-7.52750002, 22.01601022])"
18,101214107242258352814,"array([], dtype=uint8)","array([], dtype=uint8)","array([-7.41209098, 21.79663823])"
19,117929151921447138991,"array([], dtype=uint8)","array([], dtype=uint8)","array([-7.46352225, 21.77626406])"
20,102045528390325324867,"array([], dtype=uint8)","array([], dtype=uint8)","array([-7.53205971, 21.71319635])"
21,106420653941281751007,"array([], dtype=uint8)","array([], dtype=uint8)","array([-7.49302478, 21.81191452])"
22,115785601687445616629,"array([], dtype=uint8)","array([], dtype=uint8)","array([-7.53675629, 21.81961223])"
23,103464514021675000370,"array([], dtype=uint8)","array([], dtype=uint8)","array([-7.4984278 , 21.83422929])"
24,110045788080484186954,"array([], dtype=uint8)","array([], dtype=uint8)","array([-7.43839867, 21.81279352])"
25,103546981939364425829,"array([], dtype=uint8)","array([], dtype=uint8)","array([-7.56144585, 21.80564402])"
26,106711512419536762129,"array([], dtype=uint8)","array([], dtype=uint8)","array([-7.48153754, 21.73258716])"
27,108124431144761447173,"array([], dtype=uint8)","array([], dtype=uint8)","array([-7.42885481, 21.84964579])"
28,106712775403538194380,"array([], dtype=uint8)","array([], dtype=uint8)","array([-7.48142698, 21.78313547])"
29,114914832761555589566,"array([], dtype=uint8)","array([], dtype=uint8)","array([-7.59715559, 21.68061269])"
30,116509035918063279757,"array([], dtype=uint8)","array([], dtype=uint8)","array([-7.60027374, 21.59943242])"
31,112607311634292542515,"array([], dtype=uint8)","array([], dtype=uint8)","array([-7.53728875, 21.96262376])"
32,106497949182730964838,"array([], dtype=uint8)","array([], dtype=uint8)","array([-7.56962987, 21.86932745])"
33,111964980790735916178,"array([], dtype=uint8)","array([], dtype=uint8)","array([-7.56061979, 21.91092938])"
34,106717946845088683921,"array([], dtype=uint8)","array([], dtype=uint8)","array([-7.58684208, 21.9035902 ])"
35,108532474643815964591,"array([], dtype=uint8)","array([], dtype=uint8)","array([-7.54995673, 21.93285263])"
36,106412255733219697839,"array([], dtype=uint8)","array([], dtype=uint8)","array([-7.60154567, 21.98401808])"
37,109798195910978628962,"array([], dtype=uint8)","array([], dtype=uint8)","array([-7.74583962, 22.03782849])"
38,113516800619085848138,"array([], dtype=uint8)","array([], dtype=uint8)","array([-7.75716089, 22.11987789])"
39,114766231675575465775,"array([], dtype=uint8)","array([], dtype=uint8)","array([-7.53264006, 21.92331489])"
40,109931117392620460235,"array([], dtype=uint8)","array([], dtype=uint8)","array([-7.57820006, 21.88743205])"
41,100751529912611655620,"array([], dtype=uint8)","array([], dtype=uint8)","array([-7.52181688, 21.82881412])"
42,105454063295212872036,"array([], dtype=uint8)","array([], dtype=uint8)","array([-7.46977323, 21.78644388])"
43,106153171662335758496,"array([], dtype=uint8)","array([], dtype=uint8)","array([-7.57679578, 21.68310949])"
44,107390938526305755898,"array([], dtype=uint8)","array([], dtype=uint8)","array([-7.6133719 , 21.81996995])"
45,107863796156749531232,"array([], dtype=uint8)","array([], dtype=uint8)","array([-7.60481654, 21.91610492])"
46,114629508960670409934,"array([], dtype=uint8)","array([], dtype=uint8)","array([-7.65008615, 21.8587779 ])"
47,102034052532213921839,"array([], dtype=uint8)","array([], dtype=uint8)","array([-7.61521527, 21.86426601])"
48,107783147145259984890,"array([], dtype=uint8)","array([], dtype=uint8)","array([-7.60513799, 21.77859475])"
49,114072878373860296419,"array([], dtype=uint8)","array([], dtype=uint8)","array([-7.55890522, 21.689942  ])"
50,103406065947811422330,"array([], dtype=uint8)","array([], dtype=uint8)","array([-7.47916343, 21.82224695])"
51,114330674492518947055,"array([], dtype=uint8)","array([], dtype=uint8)","array([-7.48923477, 21.84658886])"
52,107716175708404088325,"array([], dtype=uint8)","array([], dtype=uint8)","array([-7.47996728, 21.80143521])"
53,106244491045809674327,"array([], dtype=uint8)","array([], dtype=uint8)","array([-7.44911709, 21.83224432])"
54,110716827720094876644,"array([], dtype=uint8)","array([], dtype=uint8)","array([-7.60418471, 21.66862595])"
55,110856213326294922665,"array([], dtype=uint8)","array([], dtype=uint8)","array([-7.56606792, 21.60488257])"
56,102725109790365996602,"array([], dtype=uint8)","array([], dtype=uint8)","array([-7.63010914, 21.89425603])"
57,100915247498961929874,"array([], dtype=uint8)","array([], dtype=uint8)","array([-7.43757648, 21.73984654])"
58,109923941665874520762,"array([], dtype=uint8)","array([], dtype=uint8)","array([-7.56810304, 21.92102005])"
59,107624559327351970888,"array([], dtype=uint8)","array([], dtype=uint8)","array([-7.50542335, 21.93961767])"
60,105112145204464229145,"array([], dtype=uint8)","array([], dtype=uint8)","array([-7.62091118, 21.82494052])"
61,103046205364039460215,"array([], dtype=uint8)","array([], dtype=uint8)","array([-7.64967181, 21.8268079 ])"
62,105238127119688476290,"array([], dtype=uint8)","array([], dtype=uint8)","array([-7.5726717 , 21.87923253])"
63,113327923954877824861,"array([], dtype=uint8)","array([], dtype=uint8)","array([-7.7190439 , 21.83025963])"
64,102170431816592344972,"array([], dtype=uint8)","array([], dtype=uint8)","array([-7.53956691, 21.88801766])"
65,106189723444098348646,"array([], dtype=uint8)","array([], dtype=uint8)","array([-7.61346107, 21.87145139])"
66,116572948883238765726,"array([], dtype=uint8)","array([], dtype=uint8)","array([-7.73275317, 22.14138141])"
67,113783805225273375457,"array([], dtype=uint8)","array([], dtype=uint8)","array([-7.71527907, 22.19411859])"
68,114185859681632447058,"array([], dtype=uint8)","array([], dtype=uint8)","array([-7.61827707, 21.68880118])"
69,108110135961483137233,"array([], dtype=uint8)","array([], dtype=uint8)","array([-7.5982999 , 21.75462169])"
70,113604014749807165723,"array([], dtype=uint8)","array([], dtype=uint8)","array([-7.58589818, 21.67053892])"
71,108951868713574357238,"array([], dtype=uint8)","array([], dtype=uint8)","array([-7.54562109, 21.94688228])"
72,101544238620721926724,"array([], dtype=uint8)","array([], dtype=uint8)","array([-7.51743311, 21.85825183])"
73,107736922941118705751,"array([], dtype=uint8)","array([], dtype=uint8)","array([-7.607935  , 21.74334802])"
74,116613369063196971741,"array([], dtype=uint8)","array([], dtype=uint8)","array([-7.74363445, 22.0632844 ])"
75,117915094180620636465,"array([], dtype=uint8)","array([], dtype=uint8)","array([-7.80384522, 22.0766683 ])"
76,111344301347163991185,"array([], dtype=uint8)","array([], dtype=uint8)","array([-7.59553751, 21.73173632])"
77,115847501615706314382,"array([], dtype=uint8)","array([], dtype=uint8)","array([-7.664925  , 21.71643853])"
78,115365360328955519570,"array([], dtype=uint8)","array([], dtype=uint8)","array([-7.57812328, 21.6740999 ])"
79,117417486733031293438,"array([], dtype=uint8)","array([], dtype=uint8)","array([-7.68119673, 21.65432337])"
80,111477130608520952736,"array([], dtype=uint8)","array([], dtype=uint8)","array([-7.52512448, 21.64215637])"
81,108050756890454701120,"array([], dtype=uint8)","array([], dtype=uint8)","array([-7.66118887, 21.68481831])"
82,106718250919067023638,"array([], dtype=uint8)","array([], dtype=uint8)","array([-7.59135041, 21.739986  ])"
83,110041526345898870486,"array([], dtype=uint8)","array([], dtype=uint8)","array([-7.63985259, 21.72636331])"
84,105017289267741004914,"array([], dtype=uint8)","array([], dtype=uint8)","array([-7.66344318, 21.74445829])"
85,106968483564816734694,"array([], dtype=uint8)","array([], dtype=uint8)","array([-7.53255221, 21.63103011])"
86,104996673828315032505,"array([], dtype=uint8)","array([], dtype=uint8)","array([-7.5410547, 21.6572571])"
87,106991151617762959435,"array([], dtype=uint8)","array([], dtype=uint8)","array([-7.5410644 , 21.83834715])"
88,109730230595248901367,"array([], dtype=uint8)","array([], dtype=uint8)","array([-7.46667836, 21.79463261])"
89,106068535581551649097,"array([], dtype=uint8)","array([], dtype=uint8)","array([-7.59965655, 21.74015119])"
90,106419400577988151299,"array([], dtype=uint8)","array([], dtype=uint8)","array([-7.58734543, 21.77134123])"
91,102118819262356548175,"array([], dtype=uint8)","array([], dtype=uint8)","array([-7.55661305, 21.95353853])"
92,104305093651029346052,"array([], dtype=uint8)","array([], dtype=uint8)","array([-7.509861 , 21.9554851])"
93,116811819019557849663,"array([], dtype=uint8)","array([], dtype=uint8)","array([-7.58941318, 21.73162783])"
94,104876222444060900790,"array([], dtype=uint8)","array([], dtype=uint8)","array([-7.49496284, 21.77053994])"
95,107248984294065281192,"array([], dtype=uint8)","array([], dtype=uint8)","array([-7.40309768, 21.76465163])"
96,117430920041606172547,"array([], dtype=uint8)","array([], dtype=uint8)","array([-7.60573988, 21.73494259])"
97,110596996599661239131,"array([], dtype=uint8)","array([], dtype=uint8)","array([-7.57652032, 21.59756176])"
98,116910304844117268718,"array([], dtype=uint8)","array([], dtype=uint8)","array([-7.67551999, 21.90223505])"
99,107117483540235115863,"array([], dtype=uint8)","array([], dtype=uint8)","array([-7.61923653, 21.87416119])"
100,101519255933605457073,"array([], dtype=uint8)","array([], dtype=uint8)","array([-7.65862253, 21.64246078])"
101,103857459148999991693,"array([], dtype=uint8)","array([], dtype=uint8)","array([-7.56088999, 21.75263981])"
102,103791760183164027171,"array([], dtype=uint8)","array([], dtype=uint8)","array([-7.39482107, 21.85980743])"
103,113364856660738963998,"array([], dtype=uint8)","array([], dtype=uint8)","array([-7.633417  , 21.86375979])"
104,115212051037621986145,"array([], dtype=uint8)","array([], dtype=uint8)","array([-7.66731149, 21.89487064])"
105,102600774742322762226,"array([], dtype=uint8)","array([], dtype=uint8)","array([-7.62693653, 21.87040708])"
106,102823167113244379488,"array([], dtype=uint8)","array([], dtype=uint8)","array([-7.60034234, 21.67483856])"
107,102521753337837330902,"array([], dtype=uint8)","array([], dtype=uint8)","array([-7.55267211, 21.60143694])"
108,102885069450694226482,"array([], dtype=uint8)","array([], dtype=uint8)","array([-7.57502166, 21.70928757])"
109,113693117255263595503,"array([], dtype=uint8)","array([], dtype=uint8)","array([-7.56483101, 21.62996857])"
110,106836545009068405661,"array([], dtype=uint8)","array([], dtype=uint8)","array([-7.52914714, 21.75442334])"
111,104870616867392622523,"array([], dtype=uint8)","array([], dtype=uint8)","array([-7.54340546, 21.6940838 ])"
112,103097893594096294153,"array([], dtype=uint8)","array([], dtype=uint8)","array([-7.54054345, 21.67845319])"
113,115641413807398447170,"array([], dtype=uint8)","array([], dtype=uint8)","array([-7.5501262 , 21.71512799])"
114,113006028898915385825,"array([], dtype=uint8)","array([], dtype=uint8)","array([-7.62439382, 21.91660984])"
115,107776015052084750821,"array([], dtype=uint8)","array([], dtype=uint8)","array([-7.52680186, 21.97305988])"
116,103385642447677590816,"array([], dtype=uint8)","array([], dtype=uint8)","array([-7.57453187, 21.6312793 ])"
117,106393478695568433143,"array([], dtype=uint8)","array([], dtype=uint8)","array([-7.58110375, 21.87941398])"
118,110955367467241342189,"array([], dtype=uint8)","array([], dtype=uint8)","array([-7.60835565, 21.75246047])"
119,107507408954672789034,"array([], dtype=uint8)","array([], dtype=uint8)","array([-7.53594842, 21.80600325])"
120,106199115696314194214,"array([], dtype=uint8)","array([], dtype=uint8)","array([-7.4513228 , 21.77279554])"
121,116014853690237520142,"array([], dtype=uint8)","array([], dtype=uint8)","array([-7.49051668, 21.75619242])"
122,100008438047495460295,"array([], dtype=uint8)","array([], dtype=uint8)","array([-7.60714665, 21.88288631])"
123,116154269478833904015,"array([], dtype=uint8)","array([], dtype=uint8)","array([-7.68602322, 21.91193176])"
124,108417129586581977230,"array([], dtype=uint8)","array([], dtype=uint8)","array([-7.53992666, 21.92989516])"
125,105487854388646525021,"array([], dtype=uint8)","array([], dtype=uint8)","array([-7.55101017, 21.85911572])"
126,100940716892313727285,"array([], dtype=uint8)","array([], dtype=uint8)","array([-7.64479144, 21.90014477])"
127,112339769006469685593,"array([], dtype=uint8)","array([], dtype=uint8)","array([-7.61639198, 21.85762627])"
128,103761619183235119672,"array([], dtype=uint8)","array([], dtype=uint8)","array([-7.60859879, 21.92707269])"
129,103300363750121441954,"array([], dtype=uint8)","array([], dtype=uint8)","array([-7.63956438, 21.8570614 ])"
130,111058843129764709244,"array([], dtype=uint8)","array([], dtype=uint8)","array([-7.51840366, 21.84387343])"
131,103657273522882559635,"array([], dtype=uint8)","array([], dtype=uint8)","array([-7.59628129, 21.71517469])"
132,100098715181898229003,"array([], dtype=uint8)","array([], dtype=uint8)","array([-7.6893379, 21.7055988])"
133,105459286176511899555,"array([], dtype=uint8)","array([], dtype=uint8)","array([-7.55815022, 21.73057284])"
134,115863474911002159675,"array([], dtype=uint8)","array([], dtype=uint8)","array([-7.62076256, 21.84454198])"
135,107140884077582692033,"array([], dtype=uint8)","array([], dtype=uint8)","array([-7.6079362 , 21.86113647])"
136,108831298033064590342,"array([], dtype=uint8)","array([], dtype=uint8)","array([-7.45315437, 21.79961255])"
137,108130211924447487656,"array([], dtype=uint8)","array([], dtype=uint8)","array([-7.46948343, 21.74308865])"
138,104861729227541084719,"array([], dtype=uint8)","array([], dtype=uint8)","array([-7.5881649, 21.5908005])"
139,106480281912084125797,"array([], dtype=uint8)","array([], dtype=uint8)","array([-7.60906871, 21.6630705 ])"
140,116445021820994020941,"array([], dtype=uint8)","array([], dtype=uint8)","array([-7.44934193, 21.71905786])"
141,105063522063912338177,"array([], dtype=uint8)","array([], dtype=uint8)","array([-7.61112069, 21.69106908])"
142,109895887909967698705,"array([], dtype=uint8)","array([], dtype=uint8)","array([-7.57876094, 21.85444225])"
143,114650747666128230743,"array([], dtype=uint8)","array([], dtype=uint8)","array([-7.6603282 , 21.90488083])"
144,117840649766034848455,"array([], dtype=uint8)","array([], dtype=uint8)","array([-7.62274837, 21.8521139 ])"
145,108159551615224338529,"array([], dtype=uint8)","array([], dtype=uint8)","array([-7.59954038, 21.85511193])"
146,112316809525750342416,"array([], dtype=uint8)","array([], dtype=uint8)","array([-7.56962605, 21.66337365])"
147,109223887335660487217,"array([], dtype=uint8)","array([], dtype=uint8)","array([-7.54356887, 21.66857822])"
148,109513764838374932994,"array([], dtype=uint8)","array([], dtype=uint8)","array([-7.59294093, 21.67364514])"
149,109273667146110484532,"array([], dtype=uint8)","array([], dtype=uint8)","array([-7.65310388, 21.61367836])"
150,108094760132961329912,"array([], dtype=uint8)","array([], dtype=uint8)","array([-7.67111105, 21.86499179])"
151,109778505442824800855,"array([], dtype=uint8)","array([], dtype=uint8)","array([-7.80699732, 21.99919257])"
152,112317942842729033890,"array([], dtype=uint8)","array([], dtype=uint8)","array([-7.81773958, 22.02199491])"
153,105279625231358353479,"array([], dtype=uint8)","array([], dtype=uint8)","array([-7.62947507, 21.94048514])"
154,100535338638690515335,"array([], dtype=uint8)","array([], dtype=uint8)","array([-7.61377866, 21.88106592])"
155,105226543952779956702,"array([], dtype=uint8)","array([], dtype=uint8)","array([-7.6322529 , 21.69224002])"
156,100825132939382296943,"array([], dtype=uint8)","array([], dtype=uint8)","array([-7.57464605, 21.71705691])"
157,101143297920728999748,"array([], dtype=uint8)","array([], dtype=uint8)","array([-7.55555423, 21.90079731])"
158,112707199408484711520,"array([], dtype=uint8)","array([], dtype=uint8)","array([-7.58659939, 21.89196066])"
159,108652640482631482795,"array([], dtype=uint8)","array([], dtype=uint8)","array([-7.6106049 , 21.93647566])"
160,113882113745075873153,"array([], dtype=uint8)","array([], dtype=uint8)","array([-7.6325369, 21.8841021])"
161,116388205548839459693,"array([], dtype=uint8)","array([], dtype=uint8)","array([-7.48949828, 21.82059425])"
162,116444778202433288162,"array([], dtype=uint8)","array([], dtype=uint8)","array([-7.64595225, 21.77231172])"
163,101962829696981365403,"array([], dtype=uint8)","array([], dtype=uint8)","array([-7.59824842, 21.88813586])"
164,114233718804492781089,"array([], dtype=uint8)","array([], dtype=uint8)","array([-7.43387247, 21.75453356])"
165,100719438911965823302,"array([], dtype=uint8)","array([], dtype=uint8)","array([-7.4747376 , 21.77372825])"
166,102306220286870344858,"array([], dtype=uint8)","array([], dtype=uint8)","array([-7.59690853, 21.66643378])"
167,105969359595630873925,"array([], dtype=uint8)","array([], dtype=uint8)","array([-7.55341827, 21.63187373])"
168,110260043240685719403,"array([], dtype=uint8)","array([], dtype=uint8)","array([-7.63324666, 21.87584828])"
169,116651741222993143554,"array([], dtype=uint8)","array([], dtype=uint8)","array([-7.66224357, 21.91644904])"
170,117134203809928335453,"array([], dtype=uint8)","array([], dtype=uint8)","array([-7.4814685 , 21.83873797])"
171,118299777136505117634,"array([], dtype=uint8)","array([], dtype=uint8)","array([-7.65787633, 21.88484157])"
172,113116318008017777871,"array([], dtype=uint8)","array([], dtype=uint8)","array([-7.61957071, 21.88742993])"
173,112513321527144936539,"array([], dtype=uint8)","array([], dtype=uint8)","array([-7.5970298 , 21.63546388])"
174,105558027367560564929,"array([], dtype=uint8)","array([], dtype=uint8)","array([-7.60528347, 21.71512983])"
175,118101529498811394148,"array([], dtype=uint8)","array([], dtype=uint8)","array([-7.65445192, 21.63092144])"
176,117903703773138982495,"array([], dtype=uint8)","array([], dtype=uint8)","array([-7.66458075, 21.66214366])"
177,115513552209574032739,"array([], dtype=uint8)","array([], dtype=uint8)","array([-7.50188625, 21.77910431])"
178,115471815788264818704,"array([], dtype=uint8)","array([], dtype=uint8)","array([-7.57152692, 21.77445815])"
179,100974258168375166691,"array([], dtype=uint8)","array([], dtype=uint8)","array([-7.59296259, 21.86033461])"
180,112710501221399450850,"array([], dtype=uint8)","array([], dtype=uint8)","array([-7.62552357, 21.83582702])"
181,106356748085224053476,"array([], dtype=uint8)","array([], dtype=uint8)","array([-7.52090378, 21.71819071])"
182,112623722232653545872,"array([], dtype=uint8)","array([], dtype=uint8)","array([-7.49687898, 21.91094544])"
183,111281085749624650475,"array([], dtype=uint8)","array([], dtype=uint8)","array([-7.61627898, 21.73706857])"
184,115996934311747170295,"array([], dtype=uint8)","array([], dtype=uint8)","array([-7.5575642 , 21.71897687])"
185,117632163642815927914,"array([], dtype=uint8)","array([], dtype=uint8)","array([-7.65883707, 21.70557282])"
186,109058704369885713232,"array([], dtype=uint8)","array([], dtype=uint8)","array([-7.51961366, 21.81504641])"
187,117050292467469428653,"array([], dtype=uint8)","array([], dtype=uint8)","array([-7.42430526, 21.779021  ])"
188,107511848516702489145,"array([], dtype=uint8)","array([], dtype=uint8)","array([-7.50321078, 21.79196262])"
189,106701345977976479103,"array([], dtype=uint8)","array([], dtype=uint8)","array([-7.48941827, 21.82973161])"
190,107814003053721091970,"array([], dtype=uint8)","array([], dtype=uint8)","array([-7.67480322, 21.85374292])"
191,100442615572333355704,"array([], dtype=uint8)","array([], dtype=uint8)","array([-7.46137158, 21.80329144])"
192,109560997737123153381,"array([], dtype=uint8)","array([], dtype=uint8)","array([-7.51157751, 21.76814058])"
193,111965797444949805325,"array([], dtype=uint8)","array([], dtype=uint8)","array([-7.5860381 , 21.67885112])"
194,118379821279745746467,"array([], dtype=uint8)","array([], dtype=uint8)","array([-7.49210314, 21.78357108])"
195,108133989305617114507,"array([], dtype=uint8)","array([], dtype=uint8)","array([-7.46016583, 21.81406708])"
196,116382308787245224752,"array([], dtype=uint8)","array([], dtype=uint8)","array([-7.53612626, 21.91452674])"
197,110494185528248157188,"array([], dtype=uint8)","array([], dtype=uint8)","array([-7.61502615, 21.70797608])"
198,103153539612741687243,"array([], dtype=uint8)","array([], dtype=uint8)","array([-7.59882114, 21.65871149])"
199,100037428816683405361,"array([], dtype=uint8)","array([], dtype=uint8)","array([-7.62019354, 21.78004492])"
200,105369174761745247342,"array([], dtype=uint8)","array([], dtype=uint8)","array([-7.59390688, 21.74911993])"
201,108176814619778619437,"array([], dtype=uint8)","array([], dtype=uint8)","array([-7.57287593, 21.78549922])"
202,110103641077948436261,"array([], dtype=uint8)","array([], dtype=uint8)","array([-7.64098669, 21.92154879])"
203,101560853443212199687,"array([], dtype=uint8)","array([], dtype=uint8)","array([-7.58487558, 21.8586071 ])"
204,115121110877145330939,"array([], dtype=uint8)","array([], dtype=uint8)","array([-7.54945873, 21.76053583])"
205,110197493305241052462,"array([], dtype=uint8)","array([], dtype=uint8)","array([-7.39355463, 21.78476922])"
206,101892012546234123421,"array([], dtype=uint8)","array([], dtype=uint8)","array([-7.43197143, 21.79083343])"
207,107388672059653159649,"array([], dtype=uint8)","array([], dtype=uint8)","array([-7.50530872, 21.64523493])"
208,112911057906967243781,"array([], dtype=uint8)","array([], dtype=uint8)","array([-7.61891736, 21.66458004])"
209,102153762447964375953,"array([], dtype=uint8)","array([], dtype=uint8)","array([-7.77419739, 21.90593809])"
210,111010095740894220691,"array([], dtype=uint8)","array([], dtype=uint8)","array([-7.61808504, 21.92635907])"
211,100267777884892163462,"array([], dtype=uint8)","array([], dtype=uint8)","array([-7.51645184, 21.89574912])"
212,109813896768294978296,"array([], dtype=uint8)","array([], dtype=uint8)","array([-7.60682002, 21.87463927])"
213,101174951617223562800,"array([], dtype=uint8)","array([], dtype=uint8)","array([-7.63891036, 21.87084822])"
214,118254993345625377660,"array([], dtype=uint8)","array([], dtype=uint8)","array([-7.5833223 , 21.82525523])"
215,111201900524817236300,"array([], dtype=uint8)","array([], dtype=uint8)","array([-7.586693  , 21.62164059])"
216,111318868687919410142,"array([], dtype=uint8)","array([], dtype=uint8)","array([-7.63074735, 21.72364451])"
217,111499908439497508351,"array([], dtype=uint8)","array([], dtype=uint8)","array([-7.62476442, 21.88123597])"
218,112893909332361280246,"array([], dtype=uint8)","array([], dtype=uint8)","array([-7.58591064, 21.99527634])"
219,110300821365374353082,"array([], dtype=uint8)","array([], dtype=uint8)","array([-7.57894082, 21.64317886])"
220,110113999212588285210,"array([], dtype=uint8)","array([], dtype=uint8)","array([-7.76086123, 22.02773151])"
221,111182054770472599972,"array([], dtype=uint8)","array([], dtype=uint8)","array([-7.84331495, 22.05169378])"
222,105237106593424588089,"array([], dtype=uint8)","array([], dtype=uint8)","array([-7.58852552, 21.66199178])"
223,102445178009578982905,"array([], dtype=uint8)","array([], dtype=uint8)","array([-7.57533789, 21.69104952])"
224,111730512298835263666,"array([], dtype=uint8)","array([], dtype=uint8)","array([-7.6097725 , 21.67172321])"
225,113651533166317708938,"array([], dtype=uint8)","array([], dtype=uint8)","array([-7.6693806 , 21.96841601])"
226,109857764010432028536,"array([], dtype=uint8)","array([], dtype=uint8)","array([-7.48448477, 21.77101652])"
227,109227231207306505752,"array([], dtype=uint8)","array([], dtype=uint8)","array([-7.62408022, 21.63596048])"
228,107602882044753150398,"array([], dtype=uint8)","array([], dtype=uint8)","array([-7.63046729, 21.8442644 ])"
229,110473976357796192294,"array([], dtype=uint8)","array([], dtype=uint8)","array([-7.56075871, 21.67247249])"
230,113612142759476883204,"array([], dtype=uint8)","array([], dtype=uint8)","array([-7.58801019, 21.84594832])"
231,115407099926744220011,"array([], dtype=uint8)","array([], dtype=uint8)","array([-7.44733532, 21.69910962])"
232,117709347631026699430,"array([], dtype=uint8)","array([], dtype=uint8)","array([-7.55404832, 21.94231532])"
233,114738077973453472985,"array([], dtype=uint8)","array([], dtype=uint8)","array([-7.5412219 , 21.97704169])"
234,109351399938437494273,"array([], dtype=uint8)","array([], dtype=uint8)","array([-7.64946351, 21.84869087])"
235,115404182941170857382,"array([], dtype=uint8)","array([], dtype=uint8)","array([-7.63025883, 21.85678   ])"
236,103293832211164757839,"array([], dtype=uint8)","array([], dtype=uint8)","array([-7.59929735, 21.93513777])"
237,114276107608201015725,"array([], dtype=uint8)","array([], dtype=uint8)","array([-7.60199443, 21.99673191])"
238,118399959266385734656,"array([], dtype=uint8)","array([], dtype=uint8)","array([-7.48143457, 21.81043083])"
239,101536109537442359228,"array([], dtype=uint8)","array([], dtype=uint8)","array([-7.46239918, 21.84515869])"
240,102001801783373863286,"array([], dtype=uint8)","array([], dtype=uint8)","array([-7.60499061, 21.67888089])"
241,105634388729830614022,"array([], dtype=uint8)","array([], dtype=uint8)","array([-7.57502058, 21.61633447])"
242,110949164642327357054,"array([], dtype=uint8)","array([], dtype=uint8)","array([-7.71140689, 21.95312386])"
243,106938519841593324674,"array([], dtype=uint8)","array([], dtype=uint8)","array([-7.69389405, 21.98925607])"
244,116973390574320264137,"array([], dtype=uint8)","array([], dtype=uint8)","array([-7.63722672, 21.84732011])"
245,117564247027796504646,"array([], dtype=uint8)","array([], dtype=uint8)","array([-7.46088371, 21.83200439])"
246,114775869285833699322,"array([], dtype=uint8)","array([], dtype=uint8)","array([-7.52847444, 21.8919178 ])"
247,118114557675104381720,"array([], dtype=uint8)","array([], dtype=uint8)","array([-7.50625849, 21.84255459])"
248,113905180722565719491,"array([], dtype=uint8)","array([], dtype=uint8)","array([-7.56756919, 21.7055697 ])"
249,107567995094921970894,"array([], dtype=uint8)","array([], dtype=uint8)","array([-7.65190793, 21.91638701])"
250,116226932711437764309,"array([], dtype=uint8)","array([], dtype=uint8)","array([-7.66600964, 21.93031192])"
251,100442356538190660160,"array([], dtype=uint8)","array([], dtype=uint8)","array([-7.62217288, 21.70867292])"
252,109113699920014946452,"array([], dtype=uint8)","array([], dtype=uint8)","array([-7.4741309 , 21.70142851])"
253,108595671998507019226,"array([], dtype=uint8)","array([], dtype=uint8)","array([-7.55941672, 21.73937773])"
254,105329929314379043455,"array([], dtype=uint8)","array([], dtype=uint8)","array([-7.66612198, 21.87683685])"
255,108264998570838621572,"array([], dtype=uint8)","array([], dtype=uint8)","array([-7.67834162, 21.95020134])"
256,105450804580077896136,"array([], dtype=uint8)","array([], dtype=uint8)","array([-7.7421048 , 21.85138499])"
257,118120364585932387777,"array([], dtype=uint8)","array([], dtype=uint8)","array([-7.54113363, 21.85403703])"
258,112974696960576021430,"array([], dtype=uint8)","array([], dtype=uint8)","array([-7.52883072, 21.9383282 ])"
259,108282896766154720648,"array([], dtype=uint8)","array([], dtype=uint8)","array([-7.50084092, 21.9675569 ])"
260,117668392750579292609,"array([], dtype=uint8)","array([], dtype=uint8)","array([-7.50904211, 21.80286425])"
261,117690673854187012438,"array([], dtype=uint8)","array([], dtype=uint8)","array([-7.69257775, 21.85428271])"
262,113041693148251706037,"array([], dtype=uint8)","array([], dtype=uint8)","array([-7.56768882, 21.74395434])"
263,115940511630531767202,"array([], dtype=uint8)","array([], dtype=uint8)","array([-7.51977471, 21.80519877])"
264,108282121506388079527,"array([], dtype=uint8)","array([], dtype=uint8)","array([-7.45163188, 21.82125168])"
265,115990260207311840638,"array([], dtype=uint8)","array([], dtype=uint8)","array([-7.47003995, 21.75703378])"
266,100846321432199933896,"array([], dtype=uint8)","array([], dtype=uint8)","array([-7.43668331, 21.84013369])"
267,110256765728890615914,"array([], dtype=uint8)","array([], dtype=uint8)","array([-7.4944192, 21.8822626])"
268,103438332263642514693,"array([], dtype=uint8)","array([], dtype=uint8)","array([-7.60277711, 21.83388443])"
269,106834219815982725372,"array([], dtype=uint8)","array([], dtype=uint8)","array([-7.61323241, 21.71643222])"
270,107888459787818841785,"array([], dtype=uint8)","array([], dtype=uint8)","array([-7.60219548, 21.68543522])"
271,115514007658590374947,"array([], dtype=uint8)","array([], dtype=uint8)","array([-7.5971041 , 21.61256846])"
272,111453882641238259246,"array([], dtype=uint8)","array([], dtype=uint8)","array([-7.58390377, 21.72368495])"
273,111164095920889813531,"array([], dtype=uint8)","array([], dtype=uint8)","array([-7.64069041, 21.90965841])"
274,111190898924390669688,"array([], dtype=uint8)","array([], dtype=uint8)","array([-7.57192028, 22.00338954])"
275,117766324495194350151,"array([], dtype=uint8)","array([], dtype=uint8)","array([-7.59532785, 22.00718898])"
276,103429767916333774260,"array([], dtype=uint8)","array([], dtype=uint8)","array([-7.67279734, 21.88572753])"
277,106515636986325493284,"array([], dtype=uint8)","array([], dtype=uint8)","array([-7.61424012, 21.9174735 ])"
278,104730969284048173235,"array([], dtype=uint8)","array([], dtype=uint8)","array([-7.67626943, 21.84208898])"
279,109139639454066616071,"array([], dtype=uint8)","array([], dtype=uint8)","array([-7.44887004, 21.81132535])"
280,108269776964145758293,"array([], dtype=uint8)","array([], dtype=uint8)","array([-7.59307994, 21.65271219])"
281,101081750997452193114,"array([], dtype=uint8)","array([], dtype=uint8)","array([-7.68153166, 21.92914195])"
282,106246544664397857089,"array([], dtype=uint8)","array([], dtype=uint8)","array([-7.5899849 , 21.70188283])"
283,113271433504869081420,"array([], dtype=uint8)","array([], dtype=uint8)","array([-7.62716033, 21.79462831])"
284,111532818340136087829,"array([], dtype=uint8)","array([], dtype=uint8)","array([-7.54434354, 21.87621683])"
285,102817283354809142195,"array([], dtype=uint8)","array([], dtype=uint8)","array([-7.61285013, 21.83396762])"
286,108483174111055128099,"array([], dtype=uint8)","array([], dtype=uint8)","array([-7.55999367, 21.97281358])"
287,100852036474143402737,"array([], dtype=uint8)","array([], dtype=uint8)","array([-7.66261734, 21.82793683])"
288,102681409209964326686,"array([], dtype=uint8)","array([], dtype=uint8)","array([-7.60994991, 21.90854815])"
289,115739133827508038558,"array([], dtype=uint8)","array([], dtype=uint8)","array([-7.65141278, 21.71698316])"
290,107671625306995512637,"array([], dtype=uint8)","array([], dtype=uint8)","array([-7.52351813, 21.78510753])"
291,113686253941057080055,"array([], dtype=uint8)","array([], dtype=uint8)","array([-7.57928274, 21.8706238 ])"
292,115382454468759789266,"array([], dtype=uint8)","array([], dtype=uint8)","array([-7.61564377, 21.60464684])"
293,109517005123483625859,"array([], dtype=uint8)","array([], dtype=uint8)","array([-7.56731528, 21.92894519])"
294,109855486708163855699,"array([], dtype=uint8)","array([], dtype=uint8)","array([-7.47741856, 21.7920194 ])"
295,100172275628404106038,"array([], dtype=uint8)","array([], dtype=uint8)","array([-7.58983359, 21.69380991])"
296,115830710841393348970,"array([], dtype=uint8)","array([], dtype=uint8)","array([-7.62356611, 21.7305706 ])"
297,100790282343650757296,"array([], dtype=uint8)","array([], dtype=uint8)","array([-7.56069419, 21.7002358 ])"
298,114472516293670669097,"array([], dtype=uint8)","array([], dtype=uint8)","array([-7.58369566, 21.70412576])"
299,110255355714938023923,"array([], dtype=uint8)","array([], dtype=uint8)","array([-7.5600133 , 21.93560836])"
300,114932430844203717836,"array([], dtype=uint8)","array([], dtype=uint8)","array([-7.47547513, 21.9872573 ])"
301,102551726199131809472,"array([], dtype=uint8)","array([], dtype=uint8)","array([-7.61148128, 21.68106096])"
302,113751353481962008916,"array([], dtype=uint8)","array([], dtype=uint8)","array([-7.65469657, 21.89564038])"
303,110262635231675893592,"array([], dtype=uint8)","array([], dtype=uint8)","array([-7.52743607, 21.81544386])"
304,111739751403912887861,"array([], dtype=uint8)","array([], dtype=uint8)","array([-7.55426428, 21.79610016])"
305,103015494439371148228,"array([], dtype=uint8)","array([], dtype=uint8)","array([-7.62255434, 21.67254895])"
306,107733602239201453079,"array([], dtype=uint8)","array([], dtype=uint8)","array([-7.60553047, 21.70915303])"
307,117276352059064507547,"array([], dtype=uint8)","array([], dtype=uint8)","array([-7.61388845, 21.69863565])"
308,101456322606243525384,"array([], dtype=uint8)","array([], dtype=uint8)","array([-7.5826725 , 21.73635952])"
309,106096957694385885466,"array([], dtype=uint8)","array([], dtype=uint8)","array([-7.62934902, 21.7482354 ])"
310,100162477171344115224,"array([], dtype=uint8)","array([], dtype=uint8)","array([-7.65280145, 21.66624074])"
311,116531647672725843929,"array([], dtype=uint8)","array([], dtype=uint8)","array([-7.53622926, 21.90213995])"
312,112663810830901192053,"array([], dtype=uint8)","array([], dtype=uint8)","array([-7.47142672, 21.81310748])"
313,101835000681552189605,"array([], dtype=uint8)","array([], dtype=uint8)","array([-7.60849872, 21.72876019])"
314,108707288314881139888,"array([], dtype=uint8)","array([], dtype=uint8)","array([-7.65258322, 21.96842939])"
315,109211475959267592573,"array([], dtype=uint8)","array([], dtype=uint8)","array([-7.64557891, 21.70817375])"
316,107656088609554509650,"array([], dtype=uint8)","array([], dtype=uint8)","array([-7.58382363, 21.91511886])"
317,100854202666064752024,"array([], dtype=uint8)","array([], dtype=uint8)","array([-7.64273614, 21.88092656])"
318,106533248943352121512,"array([], dtype=uint8)","array([], dtype=uint8)","array([-7.58807289, 21.86849527])"
319,113165622704612371637,"array([], dtype=uint8)","array([], dtype=uint8)","array([-7.62207941, 21.76613955])"
320,103314118090885764647,"array([], dtype=uint8)","array([], dtype=uint8)","array([-7.52079049, 21.69195216])"
321,111091089527727420853,"array([], dtype=uint8)","array([], dtype=uint8)","array([-7.60044024, 21.86351552])"
322,107788845622068682977,"array([], dtype=uint8)","array([], dtype=uint8)","array([-7.40698025, 21.74238195])"
323,112599748506977857728,"array([], dtype=uint8)","array([], dtype=uint8)","array([-7.65504693, 21.92902117])"
324,106543391644130024529,"array([], dtype=uint8)","array([], dtype=uint8)","array([-7.57581382, 21.70041468])"
325,113409086302056667844,"array([], dtype=uint8)","array([], dtype=uint8)","array([-7.57344908, 21.90025116])"
326,109945015490915720628,"array([], dtype=uint8)","array([], dtype=uint8)","array([-7.57516806, 21.73819063])"
327,116214152295449083654,"array([], dtype=uint8)","array([], dtype=uint8)","array([-7.56777012, 21.83904623])"
328,114764567692252908296,"array([], dtype=uint8)","array([], dtype=uint8)","array([-7.51820568, 21.88281649])"
329,100837917460328497266,"array([], dtype=uint8)","array([], dtype=uint8)","array([-7.64196783, 21.68245408])"
330,104066396391941890520,"array([], dtype=uint8)","array([], dtype=uint8)","array([-7.58554543, 21.60884807])"
331,107164311860815549291,"array([], dtype=uint8)","array([], dtype=uint8)","array([-7.59453658, 21.84860491])"
332,106792630639449031994,"array([], dtype=uint8)","array([], dtype=uint8)","array([-7.60976635, 21.85264181])"
333,107026299993226528916,"array([], dtype=uint8)","array([], dtype=uint8)","array([-7.64928896, 21.87699625])"
334,116721310204582207099,"array([], dtype=uint8)","array([], dtype=uint8)","array([-7.46272217, 21.76545949])"
335,115294412958437971259,"array([], dtype=uint8)","array([], dtype=uint8)","array([-7.62910788, 21.70106492])"
336,110028623417333097448,"array([], dtype=uint8)","array([], dtype=uint8)","array([-7.56584497, 21.72461066])"
337,108542426628002931624,"array([], dtype=uint8)","array([], dtype=uint8)","array([-7.56529643, 21.89597449])"
338,103389452828130864950,"array([], dtype=uint8)","array([], dtype=uint8)","array([-7.61312952, 21.84447128])"
339,110622098561354224925,"array([], dtype=uint8)","array([], dtype=uint8)","array([-7.57423967, 21.90998481])"
340,107629114013544384077,"array([], dtype=uint8)","array([], dtype=uint8)","array([-7.51181652, 21.78225385])"
341,112375731670409469973,"array([], dtype=uint8)","array([], dtype=uint8)","array([-7.61219766, 21.79277799])"
342,105596847166981561577,"array([], dtype=uint8)","array([], dtype=uint8)","array([-7.56907874, 21.67503699])"
343,110758491335145478334,"array([], dtype=uint8)","array([], dtype=uint8)","array([-7.4559795 , 21.78280934])"
344,106516961321404541593,"array([], dtype=uint8)","array([], dtype=uint8)","array([-7.59124388, 21.96033158])"
345,109275472958903148502,"array([], dtype=uint8)","array([], dtype=uint8)","array([-7.53631651, 21.95104334])"
346,113690230649239145438,"array([], dtype=uint8)","array([], dtype=uint8)","array([-7.5476278, 21.7459757])"
347,103080138028266295803,"array([], dtype=uint8)","array([], dtype=uint8)","array([-7.63940938, 21.67513709])"
348,106967325646926628873,"array([], dtype=uint8)","array([], dtype=uint8)","array([-7.57744488, 21.92832189])"
349,102701684529747719468,"array([], dtype=uint8)","array([], dtype=uint8)","array([-7.41792893, 21.75945409])"
350,118187272963262049674,"array([], dtype=uint8)","array([], dtype=uint8)","array([-7.69539404, 21.92628758])"
351,111596347959288493122,"array([], dtype=uint8)","array([], dtype=uint8)","array([-7.58150136, 21.65520785])"
352,106672324828117531124,"array([], dtype=uint8)","array([], dtype=uint8)","array([-7.48478242, 21.97344721])"
353,103118053605545281379,"array([], dtype=uint8)","array([], dtype=uint8)","array([-7.51844707, 21.98333516])"
354,102082783046454191690,"array([], dtype=uint8)","array([], dtype=uint8)","array([-7.78707775, 21.95121855])"
355,114825691544245259316,"array([], dtype=uint8)","array([], dtype=uint8)","array([-7.6277617 , 21.65794199])"
356,105226553876340461108,"array([], dtype=uint8)","array([], dtype=uint8)","array([-7.61820044, 21.90833648])"
357,118249005460047214792,"array([], dtype=uint8)","array([], dtype=uint8)","array([-7.64708326, 21.88848401])"
358,100969232856312001330,"array([], dtype=uint8)","array([], dtype=uint8)","array([-7.59200825, 21.7836968 ])"
359,114848355432152538571,"array([], dtype=uint8)","array([], dtype=uint8)","array([-7.58245102, 22.00917864])"
360,105963804556453504833,"array([], dtype=uint8)","array([], dtype=uint8)","array([-7.63199737, 21.91515313])"
361,114848813706147638795,"array([], dtype=uint8)","array([], dtype=uint8)","array([-7.57391288, 21.75175832])"
362,101701576124647463619,"array([], dtype=uint8)","array([], dtype=uint8)","array([-7.69074398, 21.94082763])"
363,104560124403688998123,"array([], dtype=uint8)","array([], dtype=uint8)","array([-7.6231455, 21.8636315])"
364,112063946124358686266,"array([], dtype=uint8)","array([], dtype=uint8)","array([-7.58286576, 21.83751487])"
365,102216887206636463918,"array([], dtype=uint8)","array([], dtype=uint8)","array([-7.55817576, 21.84988454])"
366,106881668585934429871,"array([], dtype=uint8)","array([], dtype=uint8)","array([-7.57090214, 21.65390989])"
367,111844448757673367768,"array([], dtype=uint8)","array([], dtype=uint8)","array([-7.60129418, 21.62632839])"
368,105076569159070683815,"array([], dtype=uint8)","array([], dtype=uint8)","array([-7.6625127 , 21.95230289])"
369,115115605662335432244,"array([], dtype=uint8)","array([], dtype=uint8)","array([-7.51703514, 21.60842249])"
370,114421547270301314705,"array([], dtype=uint8)","array([], dtype=uint8)","array([-7.62995144, 21.67782353])"
371,106642703176580586746,"array([], dtype=uint8)","array([], dtype=uint8)","array([-7.55999684, 21.66324374])"
372,102049759076077252504,"array([], dtype=uint8)","array([], dtype=uint8)","array([-7.59027377, 21.71006512])"
373,103109255748499422052,"array([], dtype=uint8)","array([], dtype=uint8)","array([-7.65123773, 21.72742146])"
374,113725376983705456019,"array([], dtype=uint8)","array([], dtype=uint8)","array([-7.55230851, 21.67408779])"
375,112577900000216198773,"array([], dtype=uint8)","array([], dtype=uint8)","array([-7.62050087, 21.89805576])"
376,112025723209583860566,"array([], dtype=uint8)","array([], dtype=uint8)","array([-7.56577569, 21.71380004])"
377,101744614828337259893,"array([], dtype=uint8)","array([], dtype=uint8)","array([-7.63923789, 21.71700221])"
378,105151782576915256403,"array([], dtype=uint8)","array([], dtype=uint8)","array([-7.63825952, 21.73616383])"
379,109240065582501674240,"array([], dtype=uint8)","array([], dtype=uint8)","array([-7.62294746, 21.71835211])"
380,117663426291820371367,"array([], dtype=uint8)","array([], dtype=uint8)","array([-7.60414841, 21.69384514])"
381,103038287804535196503,"array([], dtype=uint8)","array([], dtype=uint8)","array([-7.52704073, 21.8512691 ])"
382,104328553869453938019,"array([], dtype=uint8)","array([], dtype=uint8)","array([-7.52933947, 21.87900345])"
383,116040565882702717981,"array([], dtype=uint8)","array([], dtype=uint8)","array([-7.58958158, 21.88396035])"
384,113070852600835858601,"array([], dtype=uint8)","array([], dtype=uint8)","array([-7.51942961, 21.67897167])"
385,114839987215772761647,"array([], dtype=uint8)","array([], dtype=uint8)","array([-7.61170348, 21.89889206])"
386,108663073800768509940,"array([], dtype=uint8)","array([], dtype=uint8)","array([-7.54082687, 21.71779159])"
387,116594199576805510790,"array([], dtype=uint8)","array([], dtype=uint8)","array([-7.59213811, 21.87438849])"
388,102453848012516453425,"array([], dtype=uint8)","array([], dtype=uint8)","array([-7.54315718, 21.93891183])"
389,109770122122532409357,"array([], dtype=uint8)","array([], dtype=uint8)","array([-7.59166711, 21.95049454])"
390,108411886734034145189,"array([], dtype=uint8)","array([], dtype=uint8)","array([-7.44306141, 21.76509796])"
391,116344979340062061129,"array([], dtype=uint8)","array([], dtype=uint8)","array([-7.48901196, 21.94150104])"
392,104680587496210293052,"array([], dtype=uint8)","array([], dtype=uint8)","array([-7.43777626, 21.77663807])"
393,114945506962003656876,"array([], dtype=uint8)","array([], dtype=uint8)","array([-7.64842318, 22.12120949])"
394,107289961585411779306,"array([], dtype=uint8)","array([], dtype=uint8)","array([-7.67778398, 21.87507019])"
395,113217924531763968801,"array([], dtype=uint8)","array([], dtype=uint8)","array([-7.59913762, 21.90344744])"
396,107601575071874298432,"array([], dtype=uint8)","array([], dtype=uint8)","array([-7.58645337, 21.93741687])"
397,106662804166050763560,"array([], dtype=uint8)","array([], dtype=uint8)","array([-7.62407773, 21.648521  ])"
398,111881068300905922498,"array([], dtype=uint8)","array([], dtype=uint8)","array([-7.49967735, 21.95080361])"
399,115740425396974668440,"array([], dtype=uint8)","array([], dtype=uint8)","array([-7.64528084, 21.83965697])"
400,103348496215281102740,"array([], dtype=uint8)","array([], dtype=uint8)","array([-7.63963876, 21.6541938 ])"
401,104431248563872925027,"array([], dtype=uint8)","array([], dtype=uint8)","array([-7.58486945, 21.68812568])"
402,111179498965549390514,"array([], dtype=uint8)","array([], dtype=uint8)","array([-7.54730964, 21.73528266])"
403,104390246098751387487,"array([], dtype=uint8)","array([], dtype=uint8)","array([-7.65683856, 21.8705544 ])"
404,114726599376960109152,"array([], dtype=uint8)","array([], dtype=uint8)","array([-7.80117087, 22.05269111])"
405,111647813765664889646,"array([], dtype=uint8)","array([], dtype=uint8)","array([-7.58537801, 21.6315027 ])"
406,117430286858141066103,"array([], dtype=uint8)","array([], dtype=uint8)","array([-7.61774314, 21.5747198 ])"
407,114628928130535814690,"array([], dtype=uint8)","array([], dtype=uint8)","array([-7.42134878, 21.80939705])"
408,100415580625344661814,"array([], dtype=uint8)","array([], dtype=uint8)","array([-7.46534715, 21.96779372])"
409,108542957733897627949,"array([], dtype=uint8)","array([], dtype=uint8)","array([-7.50830429, 21.68654491])"
410,111857633013695167867,"array([], dtype=uint8)","array([], dtype=uint8)","array([-7.45930608, 21.79189409])"
411,110497909365801371707,"array([], dtype=uint8)","array([], dtype=uint8)","array([-7.60562707, 21.76677748])"
412,117890768446714336956,"array([], dtype=uint8)","array([], dtype=uint8)","array([-7.54972493, 21.81322326])"
413,105209815798065972915,"array([], dtype=uint8)","array([], dtype=uint8)","array([-7.66723334, 21.69322852])"
414,111151731586350707402,"array([], dtype=uint8)","array([], dtype=uint8)","array([-7.61407082, 21.64431107])"
415,100219691404074384850,"array([], dtype=uint8)","array([], dtype=uint8)","array([-7.66396385, 21.84979237])"
416,105345566147236475531,"array([], dtype=uint8)","array([], dtype=uint8)","array([-7.64777756, 21.76072206])"
417,116488880071907177670,"array([], dtype=uint8)","array([], dtype=uint8)","array([-7.66976404, 21.70509708])"
418,104395886352746041895,"array([], dtype=uint8)","array([], dtype=uint8)","array([-7.6500826 , 21.73902607])"
419,101780503055520609055,"array([], dtype=uint8)","array([], dtype=uint8)","array([-7.42709798, 21.76764121])"
420,116003267969710767555,"array([], dtype=uint8)","array([], dtype=uint8)","array([-7.4795597 , 21.76285159])"
421,109332058216529944011,"array([], dtype=uint8)","array([], dtype=uint8)","array([-7.47118484, 21.80430683])"
422,107632017202083922980,"array([], dtype=uint8)","array([], dtype=uint8)","array([-7.50140237, 21.80961433])"
423,108128413136845137875,"array([], dtype=uint8)","array([], dtype=uint8)","array([-7.64230838, 21.66503439])"
424,104801577898649535503,"array([], dtype=uint8)","array([], dtype=uint8)","array([-7.49341649, 21.74099957])"
425,116059998563577101552,"array([], dtype=uint8)","array([], dtype=uint8)","array([-7.62836247, 21.90684988])"
426,110860889828988888770,"array([], dtype=uint8)","array([], dtype=uint8)","array([-7.5102623, 22.0132445])"
427,113000579632092970310,"array([], dtype=uint8)","array([], dtype=uint8)","array([-7.70689933, 22.09883859])"
428,116727951144543307899,"array([], dtype=uint8)","array([], dtype=uint8)","array([-7.54897512, 21.8856451 ])"
429,100729354526618959218,"array([], dtype=uint8)","array([], dtype=uint8)","array([-7.7388235 , 21.99696302])"
430,113411497205752832945,"array([], dtype=uint8)","array([], dtype=uint8)","array([-7.76438547, 22.05011557])"
431,117881799498480572693,"array([], dtype=uint8)","array([], dtype=uint8)","array([-7.57656599, 21.72684563])"
432,106674561143088442070,"array([], dtype=uint8)","array([], dtype=uint8)","array([-7.59958854, 21.79869105])"
433,102991700177087923792,"array([], dtype=uint8)","array([], dtype=uint8)","array([-7.55682668, 21.9248635 ])"
434,114019598705934897142,"array([], dtype=uint8)","array([], dtype=uint8)","array([-7.54159441, 21.99538622])"
435,101037504613481726969,"array([], dtype=uint8)","array([], dtype=uint8)","array([-7.56993159, 21.9861215 ])"
436,114100493264301545850,"array([], dtype=uint8)","array([], dtype=uint8)","array([-7.59658885, 21.70600279])"
437,106471030335939890671,"array([], dtype=uint8)","array([], dtype=uint8)","array([-7.72540791, 22.0049992 ])"
438,102719747010457193027,"array([], dtype=uint8)","array([], dtype=uint8)","array([-7.39413258, 21.80122429])"
439,104202263011113038990,"array([], dtype=uint8)","array([], dtype=uint8)","array([-7.53115552, 21.79619476])"
440,104605946488794124557,"array([], dtype=uint8)","array([], dtype=uint8)","array([-7.64145985, 21.9318476 ])"
441,103716323286064158176,"array([], dtype=uint8)","array([], dtype=uint8)","array([-7.65176839, 21.65425181])"
442,101916712372952766257,"array([], dtype=uint8)","array([], dtype=uint8)","array([-7.56656711, 22.02181921])"
443,107219286354529843592,"array([], dtype=uint8)","array([], dtype=uint8)","array([-7.56228199, 21.61628821])"
444,109089847967972469689,"array([], dtype=uint8)","array([], dtype=uint8)","array([-7.57885811, 21.66329747])"
445,117351898370193721811,"array([], dtype=uint8)","array([], dtype=uint8)","array([-7.50216363, 21.76210918])"
446,110724344768020800491,"array([], dtype=uint8)","array([], dtype=uint8)","array([-7.64388386, 21.62919257])"
447,116095716042178314618,"array([], dtype=uint8)","array([], dtype=uint8)","array([-7.53568935, 21.74356828])"
448,118207880179234484610,"array([], dtype=uint8)","array([], dtype=uint8)","array([-7.61081874, 21.89014219])"
449,113788629331119361034,"array([], dtype=uint8)","array([], dtype=uint8)","array([-7.54762774, 21.89949815])"
450,113424222789153728067,"array([], dtype=uint8)","array([], dtype=uint8)","array([-7.64359605, 21.81509888])"
451,115603053165546989681,"array([], dtype=uint8)","array([], dtype=uint8)","array([-7.54735268, 21.70518838])"
452,115738278026232411506,"array([], dtype=uint8)","array([], dtype=uint8)","array([-7.60535819, 21.70147127])"
453,102209977420936272814,"array([], dtype=uint8)","array([], dtype=uint8)","array([-7.61983803, 21.67931657])"
454,103646972150196902299,"array([], dtype=uint8)","array([], dtype=uint8)","array([-7.53846492, 21.61966606])"
455,103100496883422151101,"array([], dtype=uint8)","array([], dtype=uint8)","array([-7.58019803, 21.89556202])"
456,109680310309138404014,"array([], dtype=uint8)","array([], dtype=uint8)","array([-7.49646098, 21.79833433])"
457,114353286334532406802,"array([], dtype=uint8)","array([], dtype=uint8)","array([-7.33919593, 21.95235743])"
458,113022284350474081177,"array([], dtype=uint8)","array([], dtype=uint8)","array([-7.56708252, 21.68404048])"
459,110447187417135170383,"array([], dtype=uint8)","array([], dtype=uint8)","array([-7.63964306, 21.69044914])"
460,114262010569570019094,"array([], dtype=uint8)","array([], dtype=uint8)","array([-7.77395076, 21.62943439])"
461,114836091191904667858,"array([], dtype=uint8)","array([], dtype=uint8)","array([-7.59126537, 21.92219268])"
462,102068278386523520498,"array([], dtype=uint8)","array([], dtype=uint8)","array([-7.51808206, 21.66879976])"
463,107396241442191327319,"array([], dtype=uint8)","array([], dtype=uint8)","array([-7.51830922, 21.79380955])"
464,106501936839371135482,"array([], dtype=uint8)","array([], dtype=uint8)","array([-7.63914399, 21.89085809])"
465,103399997814775349105,"array([], dtype=uint8)","array([], dtype=uint8)","array([-7.50933484, 21.81579077])"
466,109109715615102996766,"array([], dtype=uint8)","array([], dtype=uint8)","array([-7.55775853, 21.7082576 ])"
467,107163456468259616199,"array([], dtype=uint8)","array([], dtype=uint8)","array([-7.58096279, 21.69496427])"
468,114822401067576646327,"array([], dtype=uint8)","array([], dtype=uint8)","array([-7.53129346, 21.86371781])"
469,101263157824637311327,"array([], dtype=uint8)","array([], dtype=uint8)","array([-7.61765666, 21.62333403])"
470,114528400354459992720,"array([], dtype=uint8)","array([], dtype=uint8)","array([-7.63323559, 21.63867419])"
471,103265206100710904743,"array([], dtype=uint8)","array([], dtype=uint8)","array([-7.4464468 , 21.79470672])"
472,113186623583029971455,"array([], dtype=uint8)","array([], dtype=uint8)","array([-7.55906668, 21.86795699])"
473,117602131548593351604,"array([], dtype=uint8)","array([], dtype=uint8)","array([-7.60585725, 21.65121881])"
474,103952215474318614668,"array([], dtype=uint8)","array([], dtype=uint8)","array([-7.59353157, 21.91034529])"
475,100512649718649402368,"array([], dtype=uint8)","array([], dtype=uint8)","array([-7.60210298, 21.84308868])"
476,102567419949705917819,"array([], dtype=uint8)","array([], dtype=uint8)","array([-7.5881248 , 21.64388077])"
477,100117398146044881262,"array([], dtype=uint8)","array([], dtype=uint8)","array([-7.66308843, 21.7265127 ])"
478,105999391230065037730,"array([], dtype=uint8)","array([], dtype=uint8)","array([-7.68931962, 21.89885325])"
479,115552172695071755339,"array([], dtype=uint8)","array([], dtype=uint8)","array([-7.67852147, 21.82356153])"
480,110971010308065250763,"array([], dtype=uint8)","array([], dtype=uint8)","array([-7.50598026, 21.8887234 ])"
481,108215644829092784557,"array([], dtype=uint8)","array([], dtype=uint8)","array([-7.48440025, 21.89029528])"
482,103929313090037971278,"array([], dtype=uint8)","array([], dtype=uint8)","array([-7.57411163, 21.80493541])"
483,102250565719405171781,"array([], dtype=uint8)","array([], dtype=uint8)","array([-7.63132702, 21.71260954])"
484,114033531543334884588,"array([], dtype=uint8)","array([], dtype=uint8)","array([-7.42415611, 21.74328298])"
485,104085496468495302576,"array([], dtype=uint8)","array([], dtype=uint8)","array([-7.65031291, 21.67801469])"
486,105923173045049725307,"array([], dtype=uint8)","array([], dtype=uint8)","array([-7.59338005, 21.89775313])"
487,101273128269974442121,"array([], dtype=uint8)","array([], dtype=uint8)","array([-7.65951101, 21.84052359])"
488,100534894613722091866,"array([], dtype=uint8)","array([], dtype=uint8)","array([-7.47499418, 21.84797021])"
489,111937862416065362721,"array([], dtype=uint8)","array([], dtype=uint8)","array([-7.62935922, 21.62549011])"
490,102989073624322904979,"array([], dtype=uint8)","array([], dtype=uint8)","array([-7.55036693, 21.96627198])"
491,107590607834908463472,"array([], dtype=uint8)","array([], dtype=uint8)","array([-7.63571562, 21.901721  ])"
492,111359403952258408414,"array([], dtype=uint8)","array([], dtype=uint8)","array([-7.70620907, 21.74903788])"
493,112329394481392555656,"array([], dtype=uint8)","array([], dtype=uint8)","array([-7.4888676 , 21.80257553])"
494,105769516574744341737,"array([], dtype=uint8)","array([], dtype=uint8)","array([-7.41196312, 21.77872423])"
495,101382832680245796956,"array([], dtype=uint8)","array([], dtype=uint8)","array([-7.82217217, 22.09121374])"
496,113248924630533136972,"array([], dtype=uint8)","array([], dtype=uint8)","array([-7.57401846, 21.57684115])"
497,101130656339668533532,"array([], dtype=uint8)","array([], dtype=uint8)","array([-7.5074939 , 21.90483287])"
498,116131244044857846351,"array([], dtype=uint8)","array([], dtype=uint8)","array([-7.59242692, 21.83375813])"
499,100124389520659251191,"array([], dtype=uint8)","array([], dtype=uint8)","array([-7.64615988, 21.8665689 ])"
500,102957917210416888827,"array([], dtype=uint8)","array([], dtype=uint8)","array([-7.53767811, 21.70504663])"
501,112938612618675881020,"array([], dtype=uint8)","array([], dtype=uint8)","array([-7.71940865, 22.02876062])"
502,117017499101030243728,"array([], dtype=uint8)","array([], dtype=uint8)","array([-7.61680656, 21.72661275])"
503,103618543375127073102,"array([], dtype=uint8)","array([], dtype=uint8)","array([-7.59886471, 21.87936857])"
504,105224292283043844134,"array([], dtype=uint8)","array([], dtype=uint8)","array([-7.50282104, 21.82319662])"
505,103132137648863008501,"array([], dtype=uint8)","array([], dtype=uint8)","array([-7.48788489, 21.7911157 ])"
506,102228097879574601296,"array([], dtype=uint8)","array([], dtype=uint8)","array([-7.47956918, 21.74716807])"
507,118226465090849610002,"array([], dtype=uint8)","array([], dtype=uint8)","array([-7.53797442, 21.78522467])"
508,115277354774512813305,"array([], dtype=uint8)","array([], dtype=uint8)","array([-7.58290188, 21.71624193])"
509,102083403729841612140,"array([], dtype=uint8)","array([], dtype=uint8)","array([-7.52217   , 21.91730982])"
510,112302328634546793979,"array([], dtype=uint8)","array([], dtype=uint8)","array([-7.5492725 , 21.72501871])"
511,114474252347218597235,"array([], dtype=uint8)","array([], dtype=uint8)","array([-7.62018244, 21.94684202])"
512,109412257237874861202,"array([], dtype=uint8)","array([], dtype=uint8)","array([-7.60265473, 21.89464506])"
513,100793286281114003048,"array([], dtype=uint8)","array([], dtype=uint8)","array([-7.60961092, 21.61428543])"
514,106202342569754356867,"array([], dtype=uint8)","array([], dtype=uint8)","array([-7.66466698, 21.78551413])"
515,100458759797322732511,"array([], dtype=uint8)","array([], dtype=uint8)","array([-7.57384993, 21.93929119])"
516,110435582822209082831,"array([], dtype=uint8)","array([], dtype=uint8)","array([-7.51769764, 21.93939095])"
517,106059727192758106175,"array([], dtype=uint8)","array([], dtype=uint8)","array([-7.78607545, 22.09664583])"
518,110840848278126731771,"array([], dtype=uint8)","array([], dtype=uint8)","array([-7.62673155, 21.68550088])"
519,108490791507069410168,"array([], dtype=uint8)","array([], dtype=uint8)","array([-7.58519609, 21.7942757 ])"
520,101112069836033294954,"array([], dtype=uint8)","array([], dtype=uint8)","array([-7.39394441, 21.82406995])"
521,106605101842842927717,"array([], dtype=uint8)","array([], dtype=uint8)","array([-7.50616739, 21.97932712])"
522,105339054769017081162,"array([], dtype=uint8)","array([], dtype=uint8)","array([-7.53632739, 21.72916299])"
523,108384201920217141722,"array([], dtype=uint8)","array([], dtype=uint8)","array([-7.55489735, 21.87503334])"
524,114689465851706685342,"array([], dtype=uint8)","array([], dtype=uint8)","array([-7.44952326, 21.74506419])"
525,113718269858549593079,"array([], dtype=uint8)","array([], dtype=uint8)","array([-7.66090625, 21.76250066])"
526,114255942423453931032,"array([], dtype=uint8)","array([], dtype=uint8)","array([-7.33444391, 21.79966436])"
527,101617669768798619111,"array([], dtype=uint8)","array([], dtype=uint8)","array([-7.17828683, 21.79027031])"
528,100151679960733163426,"array([], dtype=uint8)","array([], dtype=uint8)","array([-7.53590923, 21.64760333])"
529,106534590021393670756,"array([], dtype=uint8)","array([], dtype=uint8)","array([-7.54639511, 21.91744742])"
530,110094944251701219164,"array([], dtype=uint8)","array([], dtype=uint8)","array([-7.5980233 , 21.92381616])"
531,109940304531946764602,"array([], dtype=uint8)","array([], dtype=uint8)","array([-7.67093285, 21.64940687])"
532,113113447782383069533,"array([], dtype=uint8)","array([], dtype=uint8)","array([-7.42122325, 21.8339616 ])"
533,116370594386531550315,"array([], dtype=uint8)","array([], dtype=uint8)","array([-7.56703064, 21.69540932])"
534,116984524027781154483,"array([], dtype=uint8)","array([], dtype=uint8)","array([-7.65450682, 21.80645743])"
535,112047849358415491555,"array([], dtype=uint8)","array([], dtype=uint8)","array([-7.51245855, 21.83110563])"
536,109100435350697565979,"array([], dtype=uint8)","array([], dtype=uint8)","array([-7.84048554, 22.07549227])"
537,103097764320602190090,"array([], dtype=uint8)","array([], dtype=uint8)","array([-7.63772256, 21.83245781])"
538,101679029314656843945,"array([], dtype=uint8)","array([], dtype=uint8)","array([-7.70538012, 21.6468025 ])"
539,105481930047290102912,"array([], dtype=uint8)","array([], dtype=uint8)","array([-7.49117589, 21.92088318])"
540,107061525810282498129,"array([], dtype=uint8)","array([], dtype=uint8)","array([-7.4457244 , 21.78363911])"
541,111219617477032612680,"array([], dtype=uint8)","array([], dtype=uint8)","array([-7.58245154, 21.98261438])"
542,109422140668627826076,"array([], dtype=uint8)","array([], dtype=uint8)","array([-7.58295393, 22.02471738])"
543,115695578304416858659,"array([], dtype=uint8)","array([], dtype=uint8)","array([-7.5690302 , 21.88901812])"
544,106073502505833617615,"array([], dtype=uint8)","array([], dtype=uint8)","array([-7.556257  , 21.83778412])"
545,114809160142061985832,"array([], dtype=uint8)","array([], dtype=uint8)","array([-7.64201188, 21.61437774])"
546,115513556537453751340,"array([], dtype=uint8)","array([], dtype=uint8)","array([-7.55169232, 21.69768679])"
547,115514397255079403751,"array([], dtype=uint8)","array([], dtype=uint8)","array([-7.57510146, 21.86258801])"
548,110582671305643479452,"array([], dtype=uint8)","array([], dtype=uint8)","array([-7.48785007, 21.95876605])"
549,105017085710131099924,"array([], dtype=uint8)","array([], dtype=uint8)","array([-7.49401697, 22.01355609])"
550,108998673146368660257,"array([], dtype=uint8)","array([], dtype=uint8)","array([-7.5695633 , 21.82488573])"
551,106103118976077319993,"array([], dtype=uint8)","array([], dtype=uint8)","array([-7.46647143, 21.82376694])"
552,102197924955997413386,"array([], dtype=uint8)","array([], dtype=uint8)","array([-7.54959463, 21.64812151])"
553,105540241924141497089,"array([], dtype=uint8)","array([], dtype=uint8)","array([-7.70396621, 21.86429031])"
554,111336897526531106468,"array([], dtype=uint8)","array([], dtype=uint8)","array([-7.64050202, 21.95577284])"
555,101983107762475625908,"array([], dtype=uint8)","array([], dtype=uint8)","array([-7.55730893, 22.01072447])"
556,101756995898929857907,"array([], dtype=uint8)","array([], dtype=uint8)","array([-7.43366924, 21.80228628])"
557,108255800679612464903,"array([], dtype=uint8)","array([], dtype=uint8)","array([-7.64272345, 21.6444826 ])"
558,100402301505631057949,"array([], dtype=uint8)","array([], dtype=uint8)","array([-7.52313572, 21.95132564])"
559,101336441946387245415,"array([], dtype=uint8)","array([], dtype=uint8)","array([-7.56256184, 21.88034186])"
560,111459727273148077705,"array([], dtype=uint8)","array([], dtype=uint8)","array([-7.68298087, 21.67984308])"
561,107939204954531100739,"array([], dtype=uint8)","array([], dtype=uint8)","array([-7.64569204, 21.69855911])"
562,108238852414509837749,"array([], dtype=uint8)","array([], dtype=uint8)","array([-7.48163496, 21.9299243 ])"
563,106036588985851683922,"array([], dtype=uint8)","array([], dtype=uint8)","array([-7.57063136, 21.84886361])"
564,112678186134740033778,"array([], dtype=uint8)","array([], dtype=uint8)","array([-7.50536118, 21.75035575])"
565,114484451163342272717,"array([], dtype=uint8)","array([], dtype=uint8)","array([-7.69912064, 21.67394481])"
566,113757927151929258451,"array([], dtype=uint8)","array([], dtype=uint8)","array([-7.70084553, 21.91366602])"
567,104260196027428537167,"array([], dtype=uint8)","array([], dtype=uint8)","array([-7.51530424, 21.96910731])"
568,116073987060619258550,"array([], dtype=uint8)","array([], dtype=uint8)","array([-7.84083016, 22.00741569])"
569,100246286495936269858,"array([], dtype=uint8)","array([], dtype=uint8)","array([-7.52439029, 21.77364844])"
570,115340108370106793692,"array([], dtype=uint8)","array([], dtype=uint8)","array([-7.53108778, 21.6965557 ])"
571,108099300904077351421,"array([], dtype=uint8)","array([], dtype=uint8)","array([-7.4965332 , 21.89867467])"
572,116222833568410151476,"array([], dtype=uint8)","array([], dtype=uint8)","array([-7.65919096, 21.86132898])"
573,112424349158301022163,"array([], dtype=uint8)","array([], dtype=uint8)","array([-7.76848858, 21.88161217])"
574,114457442188399514518,"array([], dtype=uint8)","array([], dtype=uint8)","array([-7.46126564, 21.75104442])"
575,115884897721735446510,"array([], dtype=uint8)","array([], dtype=uint8)","array([-7.46975739, 21.87862765])"
576,102393079978161767132,"array([], dtype=uint8)","array([], dtype=uint8)","array([-7.59259622, 21.72254371])"
577,101911034025212573199,"array([], dtype=uint8)","array([], dtype=uint8)","array([-7.66308607, 21.67349718])"
578,101358676386284884034,"array([], dtype=uint8)","array([], dtype=uint8)","array([-7.62082515, 21.69740985])"
579,115838458848319145322,"array([], dtype=uint8)","array([], dtype=uint8)","array([-7.53631146, 21.68678575])"
580,109519872564472121189,"array([], dtype=uint8)","array([], dtype=uint8)","array([-7.49370989, 21.86024761])"
581,118014169823249997123,"array([], dtype=uint8)","array([], dtype=uint8)","array([-7.50430847, 21.66376498])"
582,110086596628382069809,"array([], dtype=uint8)","array([], dtype=uint8)","array([-7.65153686, 21.68729058])"
583,116941330319027747519,"array([], dtype=uint8)","array([], dtype=uint8)","array([-7.44708227, 21.85059753])"
584,100310603107345408155,"array([], dtype=uint8)","array([], dtype=uint8)","array([-7.55206243, 21.66018076])"
585,102003524431967414517,"array([], dtype=uint8)","array([], dtype=uint8)","array([-7.70612832, 21.96791255])"
586,104083130541705011920,"array([], dtype=uint8)","array([], dtype=uint8)","array([-7.48119598, 21.86117839])"
587,109555919001321700626,"array([], dtype=uint8)","array([], dtype=uint8)","array([-7.57262439, 21.97228386])"
588,107849922105700858631,"array([], dtype=uint8)","array([], dtype=uint8)","array([-7.68761304, 21.86795128])"
589,114784933381437431460,"array([], dtype=uint8)","array([], dtype=uint8)","array([-7.60994156, 21.63630878])"
590,100940526701263911236,"array([], dtype=uint8)","array([], dtype=uint8)","array([-7.44485096, 21.95658493])"
591,116800773844937139836,"array([], dtype=uint8)","array([], dtype=uint8)","array([-7.7838173 , 22.06599769])"
592,102299732908887751198,"array([], dtype=uint8)","array([], dtype=uint8)","array([-7.46037551, 21.85873336])"
593,109205403461695195196,"array([], dtype=uint8)","array([], dtype=uint8)","array([-7.47317343, 21.83348026])"
594,117466155892567456316,"array([], dtype=uint8)","array([], dtype=uint8)","array([-7.62726885, 21.60991991])"
595,116834267019233927964,"array([], dtype=uint8)","array([], dtype=uint8)","array([-7.48584721, 21.99946363])"
596,114277687548103339609,"array([], dtype=uint8)","array([], dtype=uint8)","array([-7.65122221, 21.9458218 ])"
597,101221104868305787960,"array([], dtype=uint8)","array([], dtype=uint8)","array([-7.67246929, 21.76930703])"
598,117069415783409177775,"array([], dtype=uint8)","array([], dtype=uint8)","array([-7.64071502, 21.745665  ])"
599,112671613807103204042,"array([], dtype=uint8)","array([], dtype=uint8)","array([-7.46859077, 21.86561101])"
600,112460361944526645003,"array([], dtype=uint8)","array([], dtype=uint8)","array([-7.62828353, 21.92856594])"
601,110641439056841386606,"array([], dtype=uint8)","array([], dtype=uint8)","array([-7.42214925, 21.78936087])"
602,107540560743023866796,"array([], dtype=uint8)","array([], dtype=uint8)","array([-7.69487812, 21.81426846])"
603,114808059613381598889,"array([], dtype=uint8)","array([], dtype=uint8)","array([-7.4146922 , 21.86954351])"
604,106100520172516227626,"array([], dtype=uint8)","array([], dtype=uint8)","array([-7.59083907, 21.97785699])"
605,100738410658264857548,"array([], dtype=uint8)","array([], dtype=uint8)","array([-7.69719569, 21.68960829])"
606,116589613307547523169,"array([], dtype=uint8)","array([], dtype=uint8)","array([-7.50548059, 21.70614114])"
607,113011991260557689823,"array([], dtype=uint8)","array([], dtype=uint8)","array([-7.40876785, 21.81441226])"
608,102408444534543125138,"array([], dtype=uint8)","array([], dtype=uint8)","array([-7.53130051, 21.9871183 ])"
609,109927484147791985788,"array([], dtype=uint8)","array([], dtype=uint8)","array([-7.68279402, 21.79242005])"
610,107195441476577339421,"array([], dtype=uint8)","array([], dtype=uint8)","array([-7.63304314, 21.76722593])"
611,108460359368746460297,"array([], dtype=uint8)","array([], dtype=uint8)","array([-7.65644699, 21.69651563])"
612,101963549590479903055,"array([], dtype=uint8)","array([], dtype=uint8)","array([-7.68462995, 21.69246146])"
613,111456545627855957519,"array([], dtype=uint8)","array([], dtype=uint8)","array([-7.53051766, 21.66304985])"
614,115854718917136776953,"array([], dtype=uint8)","array([], dtype=uint8)","array([-7.61754373, 21.74844427])"
615,101967793050656360625,"array([], dtype=uint8)","array([], dtype=uint8)","array([-7.71724414, 21.84865003])"
616,106143425977005266863,"array([], dtype=uint8)","array([], dtype=uint8)","array([-7.54394837, 21.86545902])"
617,110493692580599404647,"array([], dtype=uint8)","array([], dtype=uint8)","array([-7.69265334, 21.66333469])"
618,112004520638712445308,"array([], dtype=uint8)","array([], dtype=uint8)","array([-7.54331938, 21.63698955])"
619,118320665823821681206,"array([], dtype=uint8)","array([], dtype=uint8)","array([-7.56388654, 21.85901648])"
620,108772630479900043184,"array([], dtype=uint8)","array([], dtype=uint8)","array([-7.49366669, 21.98704589])"
621,113159644397994769684,"array([], dtype=uint8)","array([], dtype=uint8)","array([-7.42214136, 21.82107239])"
622,114604853277237932770,"array([], dtype=uint8)","array([], dtype=uint8)","array([-7.4774871 , 21.94952533])"
623,104340396279936691542,"array([], dtype=uint8)","array([], dtype=uint8)","array([-7.60209436, 21.96766734])"
624,105852091541941306153,"array([], dtype=uint8)","array([], dtype=uint8)","array([-7.69769674, 21.77060768])"
625,110063849184682577045,"array([], dtype=uint8)","array([], dtype=uint8)","array([-7.69116213, 21.83409785])"
626,103384762815820358744,"array([], dtype=uint8)","array([], dtype=uint8)","array([-7.50074249, 21.92836915])"
627,104896968466670455012,"array([], dtype=uint8)","array([], dtype=uint8)","array([-7.81353833, 21.8040818 ])"
628,114204703228150089266,"array([], dtype=uint8)","array([], dtype=uint8)","array([-7.68415218, 22.05833489])"
629,118416949077941412515,"array([], dtype=uint8)","array([], dtype=uint8)","array([-7.75738098, 21.98676756])"
630,112649717362878021409,"array([], dtype=uint8)","array([], dtype=uint8)","array([-7.58102971, 21.96287355])"
631,104509438188476011535,"array([], dtype=uint8)","array([], dtype=uint8)","array([-7.6906604, 21.9671531])"
632,107065473270531111601,"array([], dtype=uint8)","array([], dtype=uint8)","array([-7.57003575, 21.64140101])"
633,104502152172934080159,"array([], dtype=uint8)","array([], dtype=uint8)","array([-7.65710931, 21.99159868])"
634,110046846795246227657,"array([], dtype=uint8)","array([], dtype=uint8)","array([-7.42916889, 21.72075046])"
635,103374252949418685414,"array([], dtype=uint8)","array([], dtype=uint8)","array([-7.52306761, 21.72990868])"
636,118322646938729311267,"array([], dtype=uint8)","array([], dtype=uint8)","array([-7.52048823, 21.65356269])"
637,112190385391260661166,"array([], dtype=uint8)","array([], dtype=uint8)","array([-7.53470308, 22.03399205])"
638,103042232248864570875,"array([], dtype=uint8)","array([], dtype=uint8)","array([-7.52240783, 22.00081854])"
639,115200251016762857369,"array([], dtype=uint8)","array([], dtype=uint8)","array([-7.55880912, 21.88986872])"
640,117756278300153154438,"array([], dtype=uint8)","array([], dtype=uint8)","array([-7.55871902, 21.64227834])"
641,100668872320235339612,"array([], dtype=uint8)","array([], dtype=uint8)","array([-7.61850348, 21.98750207])"
642,108102812889012605081,"array([], dtype=uint8)","array([], dtype=uint8)","array([-7.4496806 , 21.75723606])"
643,103897234640098165944,"array([], dtype=uint8)","array([], dtype=uint8)","array([-7.434745  , 21.82644489])"
644,105069626958207067597,"array([], dtype=uint8)","array([], dtype=uint8)","array([-7.79251968, 22.01812066])"
645,116282903485328145787,"array([], dtype=uint8)","array([], dtype=uint8)","array([-7.50530201, 22.00032508])"
646,113381970363456353207,"array([], dtype=uint8)","array([], dtype=uint8)","array([-7.69837571, 21.87757649])"
647,106343295775855965423,"array([], dtype=uint8)","array([], dtype=uint8)","array([-7.59979977, 21.64572702])"
648,117673062930419636633,"array([], dtype=uint8)","array([], dtype=uint8)","array([-7.63083459, 21.81771319])"
649,113291757041219703305,"array([], dtype=uint8)","array([], dtype=uint8)","array([-7.76359408, 21.82672363])"
650,106066420020508967555,"array([], dtype=uint8)","array([], dtype=uint8)","array([-7.63740556, 22.05593755])"
651,102370440401997770072,"array([], dtype=uint8)","array([], dtype=uint8)","array([-7.5844104 , 21.55976973])"
652,108053344167695247928,"array([], dtype=uint8)","array([], dtype=uint8)","array([-7.67045915, 21.80685246])"
653,102199777787314348675,"array([], dtype=uint8)","array([], dtype=uint8)","array([-7.51761411, 21.9289105 ])"
654,109969779660139278806,"array([], dtype=uint8)","array([], dtype=uint8)","array([-7.52353354, 21.90717328])"
655,104137268053395964064,"array([], dtype=uint8)","array([], dtype=uint8)","array([-7.55274287, 21.98186334])"
656,107096999645910953960,"array([], dtype=uint8)","array([], dtype=uint8)","array([-7.78097315, 21.98057147])"
657,103528438839963904784,"array([], dtype=uint8)","array([], dtype=uint8)","array([-7.75400349, 21.90810447])"
658,116272832201218550578,"array([], dtype=uint8)","array([], dtype=uint8)","array([-7.46813491, 21.7253483 ])"
659,103077697604541281766,"array([], dtype=uint8)","array([], dtype=uint8)","array([-7.62863977, 21.96288119])"
660,109807779729536332317,"array([], dtype=uint8)","array([], dtype=uint8)","array([-7.52136543, 21.87006152])"
661,115827523382335588492,"array([], dtype=uint8)","array([], dtype=uint8)","array([-7.81305521, 22.0402831 ])"
662,112267968031995007637,"array([], dtype=uint8)","array([], dtype=uint8)","array([-7.65064954, 21.78943908])"
663,110414740963539188370,"array([], dtype=uint8)","array([], dtype=uint8)","array([-7.55400182, 22.02871146])"
664,113820205327311254281,"array([], dtype=uint8)","array([], dtype=uint8)","array([-7.66797655, 22.01211422])"
665,107498551973438521478,"array([], dtype=uint8)","array([], dtype=uint8)","array([-7.5565055 , 21.68120386])"
666,116595251037064617517,"array([], dtype=uint8)","array([], dtype=uint8)","array([-7.69980117, 21.84285434])"
667,105567850045961589845,"array([], dtype=uint8)","array([], dtype=uint8)","array([-7.44153931, 21.90184085])"
668,107150789510038347035,"array([], dtype=uint8)","array([], dtype=uint8)","array([-7.616292  , 21.65602408])"
669,107192195569453684660,"array([], dtype=uint8)","array([], dtype=uint8)","array([-7.50978733, 21.91860694])"
670,104341201768672975036,"array([], dtype=uint8)","array([], dtype=uint8)","array([-7.62976696, 22.01491427])"
671,104571131673573996084,"array([], dtype=uint8)","array([], dtype=uint8)","array([-7.45400557, 21.73309889])"
672,107547838680915160730,"array([], dtype=uint8)","array([], dtype=uint8)","array([-7.60517769, 21.95192091])"
673,104048500804447341038,"array([], dtype=uint8)","array([], dtype=uint8)","array([-7.64443503, 22.00375306])"
674,113381483153888636532,"array([], dtype=uint8)","array([], dtype=uint8)","array([-7.55013557, 21.82791774])"
675,117942443067183917393,"array([], dtype=uint8)","array([], dtype=uint8)","array([-7.61361154, 21.97292321])"
676,103604193838758665134,"array([], dtype=uint8)","array([], dtype=uint8)","array([-7.50227339, 21.85546268])"
677,115976154635487413075,"array([], dtype=uint8)","array([], dtype=uint8)","array([-7.63987836, 21.60047188])"
678,104479500512153395616,"array([], dtype=uint8)","array([], dtype=uint8)","array([-7.39644862, 21.84111723])"
679,111903264144278356023,"array([], dtype=uint8)","array([], dtype=uint8)","array([-7.56770857, 21.95943853])"
680,108980959724884908450,"array([], dtype=uint8)","array([], dtype=uint8)","array([-7.51705973, 22.02724078])"
681,113171876203193808452,"array([], dtype=uint8)","array([], dtype=uint8)","array([-7.76126514, 22.14933977])"
682,110065223069551180239,"array([], dtype=uint8)","array([], dtype=uint8)","array([-7.70753417, 21.70524567])"
683,102244951306551931568,"array([], dtype=uint8)","array([], dtype=uint8)","array([-7.68127847, 21.72074104])"
684,116631329713205553508,"array([], dtype=uint8)","array([], dtype=uint8)","array([-7.48017856, 21.90525868])"
685,111521609541090976806,"array([], dtype=uint8)","array([], dtype=uint8)","array([-7.7287832 , 21.93576763])"
686,106912596786226524817,"array([], dtype=uint8)","array([], dtype=uint8)","array([-7.60144376, 21.82217172])"
687,104620990331735822635,"array([], dtype=uint8)","array([], dtype=uint8)","array([-7.68974905, 21.64165079])"
688,111987920642215919262,"array([], dtype=uint8)","array([], dtype=uint8)","array([-7.6765778, 21.6365398])"
689,107346512638466303782,"array([], dtype=uint8)","array([], dtype=uint8)","array([-7.43186795, 21.88418419])"
690,109305905745298422591,"array([], dtype=uint8)","array([], dtype=uint8)","array([-7.77137993, 22.0107081 ])"
691,103976595735467272256,"array([], dtype=uint8)","array([], dtype=uint8)","array([-7.55720454, 21.58412125])"
692,108973269314372266906,"array([], dtype=uint8)","array([], dtype=uint8)","array([-7.72612409, 22.05612506])"
693,101725032603312323854,"array([], dtype=uint8)","array([], dtype=uint8)","array([-7.74637341, 21.87103015])"
694,104432697666047564882,"array([], dtype=uint8)","array([], dtype=uint8)","array([-7.51623784, 21.63160792])"
695,102845380760496281348,"array([], dtype=uint8)","array([], dtype=uint8)","array([-7.62742096, 21.59383532])"
696,108848049679202099864,"array([], dtype=uint8)","array([], dtype=uint8)","array([-7.63381114, 21.58048122])"
697,102693822798615321755,"array([], dtype=uint8)","array([], dtype=uint8)","array([-7.66870769, 21.61412663])"
698,105361543065893000561,"array([], dtype=uint8)","array([], dtype=uint8)","array([-7.68515796, 21.60452677])"
699,101950351997262200481,"array([], dtype=uint8)","array([], dtype=uint8)","array([-7.52045901, 21.70200299])"
700,100961288997176421259,"array([], dtype=uint8)","array([], dtype=uint8)","array([-7.68456888, 21.8859651 ])"
701,100988701072664772279,"array([], dtype=uint8)","array([], dtype=uint8)","array([-7.55921141, 21.99383673])"
702,106706177463061041609,"array([], dtype=uint8)","array([], dtype=uint8)","array([-7.60023143, 21.57845226])"
703,116448061329762108726,"array([], dtype=uint8)","array([], dtype=uint8)","array([-7.434733  , 21.86366377])"
704,107446297810604105421,"array([], dtype=uint8)","array([], dtype=uint8)","array([-7.53613031, 21.60547771])"
705,100342467208758718946,"array([], dtype=uint8)","array([], dtype=uint8)","array([-7.66523735, 22.04663657])"
706,111294201325870406922,"array([], dtype=uint8)","array([], dtype=uint8)","array([-7.5773439 , 21.95121188])"
707,108114746196545134302,"array([], dtype=uint8)","array([], dtype=uint8)","array([-7.83281563, 21.95396077])"
708,111264078266429574908,"array([], dtype=uint8)","array([], dtype=uint8)","array([-7.55219674, 21.61649416])"
709,100258933461856349896,"array([], dtype=uint8)","array([], dtype=uint8)","array([-7.70169917, 21.89034943])"
710,109706986708019547706,"array([], dtype=uint8)","array([], dtype=uint8)","array([-7.7216821 , 21.86680754])"
711,109287237703261755461,"array([], dtype=uint8)","array([], dtype=uint8)","array([-7.77015148, 22.18011026])"
712,104627573121470968095,"array([], dtype=uint8)","array([], dtype=uint8)","array([-7.53127564, 21.67628486])"
713,117214408580322352560,"array([], dtype=uint8)","array([], dtype=uint8)","array([-7.1812026 , 21.82643376])"
714,114327541139248558797,"array([], dtype=uint8)","array([], dtype=uint8)","array([-7.83098752, 21.8292198 ])"
715,112816198295975744151,"array([], dtype=uint8)","array([], dtype=uint8)","array([-7.39520994, 21.88797405])"
716,110371756903629372744,"array([], dtype=uint8)","array([], dtype=uint8)","array([-7.38597002, 21.77259612])"
717,112757152034995968794,"array([], dtype=uint8)","array([], dtype=uint8)","array([-7.54144006, 22.01134586])"
718,115266208568581465247,"array([], dtype=uint8)","array([], dtype=uint8)","array([-7.67908887, 21.66865587])"
719,115873268637351863646,"array([], dtype=uint8)","array([], dtype=uint8)","array([-7.41003329, 21.71477978])"
720,115209321914160323553,"array([], dtype=uint8)","array([], dtype=uint8)","array([-7.72598511, 21.95475342])"
721,115276766198844670996,"array([], dtype=uint8)","array([], dtype=uint8)","array([-7.73936273, 22.19715195])"
722,106631699759520362636,"array([], dtype=uint8)","array([], dtype=uint8)","array([-7.77326072, 22.21995817])"
723,108884357052099541036,"array([], dtype=uint8)","array([], dtype=uint8)","array([-7.67617778, 21.73242907])"
724,110969336043512288989,"array([], dtype=uint8)","array([], dtype=uint8)","array([-7.50644521, 21.87487519])"
725,111378435554188237250,"array([], dtype=uint8)","array([], dtype=uint8)","array([-7.63651549, 21.78226041])"
726,101527381911843622858,"array([], dtype=uint8)","array([], dtype=uint8)","array([-7.45594025, 22.05197896])"
727,115316220329146504400,"array([], dtype=uint8)","array([], dtype=uint8)","array([-7.18424593, 21.75601935])"
728,115130390735317423919,"array([], dtype=uint8)","array([], dtype=uint8)","array([-7.70566272, 21.90102572])"
729,114901309719972077744,"array([], dtype=uint8)","array([], dtype=uint8)","array([-7.32496546, 21.92350608])"
730,116695751605757834156,"array([], dtype=uint8)","array([], dtype=uint8)","array([-7.4075228 , 21.90843676])"
731,110169035666780750633,"array([], dtype=uint8)","array([], dtype=uint8)","array([-7.84024952, 22.1695634 ])"
732,112447297703101567551,"array([], dtype=uint8)","array([], dtype=uint8)","array([-7.6669126 , 21.62833618])"
733,107781507369929748424,"array([], dtype=uint8)","array([], dtype=uint8)","array([-7.6876256 , 21.62187413])"
734,101928220831375355212,"array([], dtype=uint8)","array([], dtype=uint8)","array([-7.67437034, 21.98916969])"
735,117268571009206094213,"array([], dtype=uint8)","array([], dtype=uint8)","array([-7.47277256, 21.91764711])"
736,105095083538991543994,"array([], dtype=uint8)","array([], dtype=uint8)","array([-7.72965891, 21.90832281])"
737,106129756980404686832,"array([], dtype=uint8)","array([], dtype=uint8)","array([-7.37835583, 21.81534108])"
738,109741231810575140484,"array([], dtype=uint8)","array([], dtype=uint8)","array([-7.46849633, 21.93860538])"
739,110404331489902335825,"array([], dtype=uint8)","array([], dtype=uint8)","array([-7.67159799, 21.58828221])"
740,108012991939099820186,"array([], dtype=uint8)","array([], dtype=uint8)","array([-7.713441  , 21.88109244])"
741,109159642383690770820,"array([], dtype=uint8)","array([], dtype=uint8)","array([-7.69382886, 22.01681469])"
742,103778462564599113222,"array([], dtype=uint8)","array([], dtype=uint8)","array([-7.72688204, 21.88961833])"
743,103736899352416518394,"array([], dtype=uint8)","array([], dtype=uint8)","array([-7.61219455, 21.59084417])"
744,101647508327355966795,"array([], dtype=uint8)","array([], dtype=uint8)","array([-7.65161788, 21.57946924])"
745,102929213981542826443,"array([], dtype=uint8)","array([], dtype=uint8)","array([-7.39127426, 21.75072777])"
746,114769300137901408078,"array([], dtype=uint8)","array([], dtype=uint8)","array([-7.7140308 , 21.79840892])"
747,110778523658906519638,"array([], dtype=uint8)","array([], dtype=uint8)","array([-7.41598496, 22.00648453])"
748,102271488505503964526,"array([], dtype=uint8)","array([], dtype=uint8)","array([-7.44548592, 21.92192175])"
749,114668957832820917715,"array([], dtype=uint8)","array([], dtype=uint8)","array([-7.41058947, 21.84733258])"
750,116563084994785027140,"array([], dtype=uint8)","array([], dtype=uint8)","array([-7.80225234, 22.11578004])"
751,116900491681410220991,"array([], dtype=uint8)","array([], dtype=uint8)","array([-7.81546192, 21.87773522])"
752,108615365797599847398,"array([], dtype=uint8)","array([], dtype=uint8)","array([-7.36814826, 21.85108578])"
753,104520811572029249010,"array([], dtype=uint8)","array([], dtype=uint8)","array([-7.7776217 , 21.85013364])"
754,114887650939359725833,"array([], dtype=uint8)","array([], dtype=uint8)","array([-7.6341175 , 21.98094062])"
755,104873543712194344376,"array([], dtype=uint8)","array([], dtype=uint8)","array([-7.71548902, 21.92302347])"
756,111546422050094270101,"array([], dtype=uint8)","array([], dtype=uint8)","array([-7.42831164, 21.97835027])"
757,115914264088084548117,"array([], dtype=uint8)","array([], dtype=uint8)","array([-7.40109387, 21.95508768])"
758,112606048112121286022,"array([], dtype=uint8)","array([], dtype=uint8)","array([-7.65504627, 21.59802033])"
759,116925116332960548099,"array([], dtype=uint8)","array([], dtype=uint8)","array([-7.82576483, 21.85773621])"
760,103660024891826015212,"array([], dtype=uint8)","array([], dtype=uint8)","array([-7.37605664, 21.791651  ])"
761,117657700736743207680,"array([], dtype=uint8)","array([], dtype=uint8)","array([-7.32587628, 22.00074603])"
762,102573229848208163108,"array([], dtype=uint8)","array([], dtype=uint8)","array([-7.44851662, 21.87466075])"
763,110136818693267034218,"array([], dtype=uint8)","array([], dtype=uint8)","array([-7.60958439, 22.01781188])"
764,115414228971291428643,"array([], dtype=uint8)","array([], dtype=uint8)","array([-7.45502794, 21.64580565])"
765,108862391031743001286,"array([], dtype=uint8)","array([], dtype=uint8)","array([-7.46208744, 21.8944515 ])"
766,114333599862985909549,"array([], dtype=uint8)","array([], dtype=uint8)","array([-7.3045406 , 21.67621962])"
767,116015738121164122619,"array([], dtype=uint8)","array([], dtype=uint8)","array([-7.7542906 , 21.93509634])"
768,106468557045519924130,"array([], dtype=uint8)","array([], dtype=uint8)","array([-7.60517798, 22.13522272])"
769,102728313165976848680,"array([], dtype=uint8)","array([], dtype=uint8)","array([-7.32310458, 21.84255872])"
770,105501965108087246894,"array([], dtype=uint8)","array([], dtype=uint8)","array([-7.61060174, 22.04387032])"
771,106533767817816079660,"array([], dtype=uint8)","array([], dtype=uint8)","array([-7.55244989, 22.06861813])"
772,101944390484158441849,"array([], dtype=uint8)","array([], dtype=uint8)","array([-7.30205139, 21.8934924 ])"
773,103640819708354788914,"array([], dtype=uint8)","array([], dtype=uint8)","array([-7.26008417, 21.75556482])"
774,108969895929492148102,"array([], dtype=uint8)","array([], dtype=uint8)","array([-7.650194  , 22.08549201])"
775,112744130427517329492,"array([], dtype=uint8)","array([], dtype=uint8)","array([-7.37288098, 21.7185969 ])"
776,101932785101255565113,"array([], dtype=uint8)","array([], dtype=uint8)","array([-7.59301894, 22.08805907])"
777,101162527048263160009,"array([], dtype=uint8)","array([], dtype=uint8)","array([-7.39072365, 22.05018851])"
778,101770336539145486865,"array([], dtype=uint8)","array([], dtype=uint8)","array([-7.96873222, 21.89079612])"
779,118101244258363043417,"array([], dtype=uint8)","array([], dtype=uint8)","array([-7.56202881, 22.13174637])"
